[
    {
        "id": 1,
        "name": "[Script] Car Parking Multiplayer",
        "description": "Накрутка валют, автоматическая победа в гонках, накрутка статистики, купить любую машину, хром, получить в16, сделать машину полицейской и многое другое\n\nКлюч: tg: @SimpleDLC",
        "version": "4.9.5",
        "image": "https://f4.bcbits.com/img/a1011463993_16.jpg",
        "link": "https://www.mediafire.com/file/3381rhnr6fqoqvq/%255BLoader%255D%253DCarParking.SimpleDLC/file"
    },
    {
        "id": 2,
        "name": "[Script] Polywar",
        "description": "Аим, режим бога, бесконечные патроны и многое другое\n\nКлюч: tg: @SimpleDLC",
        "version": "2.5.0",
        "image": "https://static.wikia.nocookie.net/polywar/images/3/33/Polywar.png/revision/latest/thumbnail/width/360/height/450?cb=20241008193728&path-prefix=ru",
        "link": "https://www.mediafire.com/file/zyd5g90zjygso7s/%255BLoader%255D%253DPolywar.SimpleDLC/file"
    },
    {
        "id": 3,
        "name": "[Mod] Tomb of the mask",
        "description": "Интересная игра с простым геймплеем. Поможет убить время, во время скучного урока или когда нечего делать\n\n• Куплен премиум\n• Отсутствует реклама\n• Двойные монеты\n• Разблокированы все скины\n• Бесконечные сундуки",
        "version": "3.0.1",
        "image": "https://play-lh.googleusercontent.com/ATGr-U4JBK2VjFzKGK9eMMkrDxJaazadOUoz_7Yl0U5NrWSFcFUzEtNurWXYzVWc8uOO",
        "link": "https://t.me/SimpleDLC/377"
    }
] 
